<?xml version="1.0" encoding="UTF-8" ?>
<!DOCTYPE mapper PUBLIC "-//mybatis.org//DTD Mapper 3.0//EN"
        "http://mybatis.org/dtd/mybatis-3-mapper.dtd">
<mapper namespace="com.jidajiaoyu.learn.dao.mapper.UserMapper">
    <select id="getUserById6" resultType="com.jidajiaoyu.learn.model.User">
        select * from k_user where
        <if test="name==null">
            name is #{value}
        </if>
        <if test="name!=null">
            name = #{value}
        </if>
    </select>
    <select id="getUserById8" resultType="com.jidajiaoyu.learn.model.User">
         select * from k_user where name=${value}
    </select>
    <select id="getUserById9" resultType="com.jidajiaoyu.learn.model.User">
         select * from k_user where name like "%"#{value}"%"
    </select>
    <select id="getUserById10" resultType="com.jidajiaoyu.learn.model.User">
         select * from k_user where id = #{id}
    </select>
    <select id="getUserById11" resultType="com.jidajiaoyu.learn.model.User">
        select * from k_user where id = #{id} and name =#{name}

    </select>
    <select id="getUserById12" resultType="com.jidajiaoyu.learn.model.User">
         select * from k_user where id = #{user.id} and name =#{user.name}
    </select>
    <select id="getUserById13" resultType="com.jidajiaoyu.learn.model.User">
        select * from k_user where
        <if test="name==null">
            name is #{value}
        </if>
        <if test="name!=null">
            name = #{value}
        </if>
    </select>
    <insert id="insertUser18" >
        insert into k_user (name,nikename,phone)
         values (#{name},#{nikename},#{phone})
    </insert>




    <resultMap id="rm1" type="com.jidajiaoyu.learn.model.UserExtend">
        <id column="id" property="u_id"></id>
        <result column="name" property="u_name"></result>
    </resultMap>
    <select id="getUserMap"  resultMap="rm1">
        select * from k_user
    </select>














    <!--    <select id="getUserById10" resultType="com.jidajiaoyu.learn.model.User">-->
    <!--         select * from k_user where name like "%"#{value}"%"-->


    <!--    </select>-->

</mapper>